Rain,Temp.max,Temp.min,Label
0.870598427714588,1.30562310353041,-0.427742822713063,0
0.330760518899065,0.983969531303835,-0.579373140591604,1
-1.34789667888668,-1.25138635649881,0.925968381578101,2
1.54787178522743,-0.179753790605362,0.00551040824892694,3
-0.616636745592868,-0.743406448296972,-0.63449085280786,4
-0.698570962306511,0.233241921692408,0.858326534883988,5
-1.42359508412953,2.10134480461979,-0.480776446605362,6
-0.10963236063911,-0.876666311459491,1.48970720692045,7
-0.102712108932023,1.94878854810191,-0.629391206539257,8
-0.322716604357408,-0.465272184070997,-0.593950756394093,9
-0.83958738684042,-0.651917199490056,-0.628694040867886,10
-1.6605510053617,0.609630588495433,0.356251649598027,11
3.01248657298612,0.70912401596044,1.30508578286412,12
1.50084046291411,0.279796044889143,0.365674451134052,13
-0.358991625410876,-1.46745605181691,0.772077876017467,14
-0.114879329451581,-0.691317309702212,1.25532600354558,15
0.35890114621944,-0.867988456083334,-0.128334843450581,16
-0.0121373545156947,-0.512507736618838,0.948623345824094,17
-0.570359760997698,-0.782086490309193,-0.124499534199472,18
0.934034769506939,0.42578916067829,2.09994053475276,19
-1.13831679352901,1.0115404957729,0.260281843488136,20
1.95723819452661,-0.25066736760145,-0.545479223751057,21
-1.76322947037875,0.554236064728875,0.100431510494805,22
-0.323334329846516,0.75888079577618,-0.732904088052191,23
0.87259219265566,0.133842659663098,-1.52415818167922,24
0.117915390670191,-0.272561496465326,0.349780293713457,25
-1.50305479490999,-0.54262765204865,0.23285893913274,26
0.92183521978273,-1.16310455217104,0.654001129698733,27
0.163244913148377,-0.27351739523947,-0.844954535830974,28
-0.814670838823298,0.159503874966104,-0.805115067652354,29
0.403710088607217,-0.186708122603242,-0.490750823593307,30
0.756157407534915,0.217904146672272,-1.00570969184958,31
2.18443968219233,0.0462383001861606,2.6913542534138,32
-0.0937825436569183,0.670324966362493,0.371533521285247,33
-0.294206088983323,-0.630500943301131,-0.653126324454709,34
-0.504805594371655,-0.118410158183048,0.424322905274955,35
-1.92699901219944,0.242064583885595,1.22952826424725,36
0.521380667177582,-0.376084625175072,0.677596786567671,37
-2.05441117384062,0.280444406708918,0.916649644994493,38
-0.269837511990755,-1.77445214219279,0.480745482406847,39
-0.275032057987215,0.458577814692303,-1.50714489910058,40
0.845144752838142,0.461822889552566,-0.759893320743616,41
-2.77118143773627,-0.0011874865519806,1.05984277286783,42
0.918074908722725,-0.352938753897831,-0.19808494959682,43
-0.519254343812022,-0.432991255729624,0.259201461943348,44
-1.29301216624822,-1.70477410382486,0.554924505123012,45
-0.00871809267493341,1.09571673703715,-1.02142167651945,46
0.233352680864348,0.635772115763336,0.190112789938055,47
-0.424195699296783,-1.08718431755049,-0.434788338525271,48
-1.46944867593175,-1.47726543033051,-1.47416665589007,49
1.20642031613296,-0.385249414734962,0.393232969254668,50
0.19734222147388,0.680836657566823,-0.844081202054982,51
-0.706875529172642,0.832649348688285,-0.502834444355806,52
1.21636725971669,0.534598236622478,-1.33921984726979,53
0.367170420865361,0.768024569117699,-0.602963685399536,54
-1.26751556284586,1.7548876705052,0.439532424525412,55
0.621050070655336,-1.70431244113125,1.57150626814332,56
-1.79545459639123,0.469508224275034,-1.13154869141633,57
-1.05783947725151,-0.0543038449929409,0.34531866633769,58
0.151544481448913,-0.748874981511258,0.523387677571659,59
0.411264068204347,0.716764041703748,1.04396400912136,60
0.0704977862099333,-0.00551290141704299,1.2598690621946,61
-1.93302660372422,1.20011431909571,-1.10587950688981,62
0.818722013821727,-1.03401713888056,0.0613731465771368,63
1.26175710906169,-0.847567754466168,1.23069368609986,64
1.16734286458427,0.433422036872966,0.545105731961562,65
-0.570329994878025,-0.887523979425756,1.39997595273608,66
-0.393897571578092,0.121232620802761,1.21648831942432,67
-1.01743401819165,-0.401904890482745,2.3437996032746,68
0.250205871646325,1.09667832321064,-2.62002326080676,69
0.252124808964812,0.436674648218274,-0.331850562254933,70
-0.771478905272172,-0.407004690429195,-0.338633527918987,71
0.919545458360691,-0.638690167004624,-1.42362280636584,72
0.852157548449778,-0.404881199904336,-0.521236715770468,73
0.657126189710851,2.39386245648773,1.42223320421318,74
-0.753464340423204,-0.0496230136457744,0.0592934632032029,75
-1.33850182572138,-0.202575908366894,0.960585230571721,76
0.652225083883824,-0.197534050939735,1.63490722032405,77
1.44721667524889,1.51631602653726,-0.290268995797407,78
-1.29012597403327,-1.73220810875665,-0.409617371445556,79
-2.20818920004586,1.11247251331936,-1.31711964697573,80
1.43610811650967,-0.71928102673177,-0.277296764355982,81
-0.0616722027559058,-0.273365578499349,-0.714692722603478,82
1.1778064543541,0.677404419186676,-0.219285432973126,83
0.985513417813457,-0.936450821404537,-0.225583116846195,84
-1.21857839554288,0.425716850556778,-0.728364003111077,85
-0.431878290069235,-0.0745431033834979,-1.1446827870337,86
-0.834941294297264,-1.39880728685599,-0.377687311802494,87
0.179680103648401,0.192306104157818,0.0146259034981819,88
1.16630242503443,0.580389715905495,-0.895671274809843,89
0.0559859422861776,0.63785926380368,0.352239374590842,90
-2.10004184572021,-0.565981624425496,-0.144128007469039,91
1.23529708942021,-0.0161376263168116,-0.26065639444888,92
0.00267152700952009,0.622322565335203,0.911733289959508,93
-0.459536791820333,0.533436361755158,2.30618242015673,94
-2.10317659187082,-0.389340755635536,0.847643437628613,95
0.373921684965675,-1.27166778821102,0.642690869479916,96
0.245180507935031,0.272601061641828,0.004720044643652,97
0.338579197802804,0.317468464887969,0.129786512159343,98
-1.07806516231994,1.49836827592653,0.581429272410278,99
-0.730162332452103,-1.55380079114989,-0.552980282978161,100
-0.916327269903331,-0.354291622942114,-1.49255879515532,101
1.7875531754024,0.434227622152402,0.4291118571226,102
-0.8204035291977,-0.101478020404053,-0.701866249986176,103
-0.196711337853968,2.02876798537404,0.393716992004447,104
-0.890143741968409,-0.36721187838228,-0.830542264911094,105
0.910748613628087,-2.36377484799189,-1.25341717333678,106
-0.0122652498103272,0.729858345361788,-1.40343011722622,107
0.0728144823780817,-1.39902075927839,0.281101461883647,108
0.939416308237692,1.31488703713417,1.95453920046404,109
0.675237338381252,0.40382537467252,0.200438046376933,110
0.785968524079986,-0.34416622776304,0.490503518540761,111
-2.13274069297792,-0.980064257303274,0.143809034242033,112
0.219929637208745,1.8573454198871,0.230095885698946,113
0.966285538729554,0.309538452610443,2.36547508923074,114
0.349994108352768,-0.489102726025898,-0.781268214420428,115
0.901815281675563,-0.694883298029859,-0.158889273313257,116
2.12118841832313,-0.18039260161668,-0.673709352399648,117
1.24858666522948,1.25628334419483,0.714048193810298,118
-1.12318579744788,1.91074361906141,0.255189236787672,119
-0.83008507330718,0.0271929609615699,-0.327262287330117,120
-0.121778739566803,0.427129435909406,0.742107093813669,121
-0.642591056538288,0.323364836070306,-1.00570393532846,122
-0.0789499665571302,-1.64896803402833,0.119420677272225,123
1.22811276969363,0.140337987476392,0.200441756287339,124
-0.531365835183883,-0.498042737564483,1.57385123860363,125
-0.286104800544753,-0.427773025009844,0.538627577462099,126
-0.22760565493619,-0.150874342982068,0.0330607070022611,127
0.674523168587366,-2.89081005793843,-1.34174608032206,128
1.03684000012563,-0.734542060860252,-1.47090840693473,129
-0.149462522904422,0.756215216777615,0.590630951373579,130
-0.317081343911522,0.120792842515053,-0.700183619173742,131
0.93359467369858,-0.515905646649828,-0.241190711215828,132
0.723284089002027,-0.340858419139416,-0.869416968405817,133
0.488184813355146,-1.07999215135802,0.181603181224834,134
3.26619872763886,-0.697388911993461,0.227879844410066,135
0.0317007577940281,-0.582996712654704,1.74471993350627,136
0.341274934535395,-0.186125413462525,1.81787413004095,137
-0.0835309888826987,0.587960618326313,1.06163290459646,138
0.616421091001598,-0.0210413970099939,1.08398538559699,139
-0.524999193918106,-0.0797613083325863,-1.16967200913547,140
1.00770674116118,-0.835514785543058,1.27577346884409,141
1.82910223666155,0.978620077590616,-0.941572397978822,142
0.0852880686374716,0.235477911610788,-1.59945041562858,143
-0.0683247247193504,0.566047741701346,3.16625311280659,144
-0.56346540684537,0.219290253702244,0.318667312067716,145
-0.473574058270231,0.807711012773034,-0.662936675851077,146
-1.70353451990428,1.51252674055338,0.00792589456021871,147
-0.0537200484164875,-0.431633422559677,0.0690094191002678,148
-0.881344065999289,0.542560581041823,-2.07002803258523,149
1.25589143370857,0.67929989241518,-0.715550064052801,150
0.155841550539976,-0.00876691100522949,0.529319453367378,151
0.054932680706436,1.91194131724684,0.0355403111513343,152
1.39855244274348,-0.978615854690519,-1.66289485644733,153
-1.77564837651376,-0.486129202750742,-0.491492329882947,154
0.329654061942965,0.0778979515541982,-0.150066878693989,155
-1.05790277115107,0.0262010031147861,0.0813323466046576,156
-0.643369160945602,-0.222783873783366,-1.67877697128907,157
0.258440790037567,-0.479705499184321,0.255336087121946,158
0.891694304014871,0.824587313965651,1.52905134358035,159
-0.836622410705379,-0.0604033266660627,-1.59272660226253,160
0.553148245374576,-0.806763830134446,0.438790289820535,161
1.45840931889532,1.71283780149174,1.34365141705886,162
-0.855082178756608,0.912158351163016,0.380347708283842,163
-0.992122616634029,1.48884170716556,0.5890642548347,164
-0.0116994171976398,-0.0267480490239616,-0.475038208181266,165
0.626910734781903,1.91582423437216,-0.185189034688817,166
0.00149921701048138,0.919677108422164,-1.14471542350324,167
-0.816326737567923,-1.80809868670026,-0.121506061462835,168
0.115147536198142,-1.26530785042028,-0.552617975834524,169
0.207068664865499,0.58363061550354,-0.658032775625094,170
-0.444561809132592,-0.116187958486345,1.44725099802365,171
-1.12048974268421,-0.143812268607298,-0.117057364627239,172
0.435357962622282,1.0747695563459,0.629934790024571,173
0.0170886339568887,1.70218903333732,0.375307196102525,174
-0.36298562886189,0.391235336408326,-1.01488733569272,175
-0.6312374760797,0.12733157271726,-1.88985821598621,176
-0.50032498462731,2.2509310237358,-1.43375649205756,177
-0.867193173170075,-0.0106779312347955,0.275941022715392,178
-1.04009315661496,-0.450549182359537,-0.301208025364248,179
1.26543147184901,-0.595049578928503,0.759502908884208,180
-0.241457857540811,-0.735669583528822,-0.379947484883449,181
-1.72903141690258,0.0816950618691643,-1.32230293048047,182
-0.488240883647953,-0.860856962954059,0.0963315771043039,183
1.06038432430823,-1.85841048148535,1.10104791591114,184
-0.538153971710026,-1.28488688986272,0.26541883215637,185
1.77733767442684,0.436202165643835,-0.185955359252629,186
-0.779518792022342,1.09128280274507,-0.420933164226724,187
-0.752971923146654,1.20260219158596,1.26812211435784,188
-1.03313337266283,2.3128636318014,0.914307156447745,189
1.16383851849648,-1.08397934684503,-0.429651455511131,190
-0.580106063385418,1.36453423431839,-1.34639384314797,191
0.41730238785307,0.0816802225411862,-0.913550363782163,192
-1.64812502119684,-0.467782226083564,0.333326694157206,193
-0.572675455108727,-0.426379676073622,-1.09258876641081,194
0.65923204167785,0.889624635043088,-0.386951108324655,195
-1.28040159777137,0.649750023315031,-0.122435177680571,196
0.050124050176224,-1.80617860041516,-0.659777522615911,197
0.548402937620275,1.02469639873353,-0.624477439103614,198
1.77844671267249,0.825232263674637,-0.226312482557713,199
0.641087174507479,-0.236332264877126,-0.550840953652335,200
0.946703378468709,-0.981265867280092,-1.34226508241486,201
-0.354254994357034,-0.769588232293259,0.736589248414764,202
-0.578817174665236,-1.23612287548513,-0.919548874019242,203
0.0564733171140393,-0.0502147066337279,1.03503929497922,204
-0.893322693369205,-0.388664002173484,-0.343407370407331,205
1.12207787049126,-0.311945110971043,-0.307882857643069,206
0.775828768459737,0.221364699595723,1.29557082560223,207
0.962495619346591,-0.297324985059649,0.261088557281795,208
1.26078405724357,-1.69719472604544,-0.402272401517978,209
-0.107918515865253,-0.598709290297369,-0.826955646805024,210
-0.577157547611514,-0.52334681166322,-0.517217077165995,211
0.525632603734032,-1.71582884452147,0.3999093669464,212
1.15195969555778,0.885677856147347,0.847134233117869,213
0.858378863301215,-2.16664537207453,0.0480109567022783,214
0.945576199340234,0.422126880516165,-0.492923075475702,215
1.50613043331793,-0.294809096828677,0.335437075179618,216
0.295337944570782,-0.364251326909005,0.671214448651151,217
1.20409693529496,0.647656010972976,-0.421662352290001,218
-0.0118458060848102,-0.303532208457828,1.44312650276216,219
0.789500353482527,-0.226837933093164,-0.364280991272415,220
-1.40358220546248,-0.871580834252285,0.898288150639469,221
1.54210605249637,1.12575950072613,0.968343828130669,222
-1.77490678286166,0.991618788828127,0.0566274263603561,223
0.205656538447336,0.686437254221967,-0.0846664659176819,224
-0.346209908893838,0.531254292075748,0.872010411024153,225
-1.15898284412402,0.726437042443583,-1.80365532726058,226
0.335826335962241,0.694253864306591,0.0337400768363067,227
0.33224306048862,0.394100620617472,0.0691386095132896,228
1.41120936103881,0.631624135966954,0.365586778607021,229
0.136862924629905,-0.709103389792854,-0.88485969495121,230
0.577628134058232,0.0293466604210646,-1.41017536602561,231
0.24308798596181,0.550376907895828,-2.63837960560119,232
1.46767112550249,-0.725482630406697,0.545101683343957,233
1.1305539984233,0.00076437211186718,1.07800634320016,234
0.0106531610485046,-0.187511313262595,-0.444330361217242,235
0.124333691635181,1.24142423653386,2.37932697796306,236
1.77943113686421,0.472488291253168,-0.640975418360709,237
-0.239472269729911,1.09447241004039,-1.31128158936808,238
0.857992471728039,0.622670090491544,-0.145688061096899,239
-0.878354781299061,1.00923380981389,0.105785035897782,240
-0.761946019316487,-0.0944972340379022,0.682352297722657,241
0.862782702526723,0.115152808545682,0.121039798364379,242
0.648305144049068,-0.628156990312718,-0.763621147141663,243
1.05809227042019,0.387572464770539,-1.52302307169266,244
-0.633191387484819,3.07427285791099,-0.586692932017392,245
1.01798941829306,0.0975863615701024,-1.36374394474195,246
0.171925674500957,-0.0455946391218843,0.72359479144432,247
-0.047474088483827,0.858255676605597,-0.10362757713352,248
1.68914546929209,-1.56361874882275,-1.85300581823224,249
1.43704449250503,1.12822835447902,0.365594674805797,250
-2.25107830229662,-0.847571706006397,-0.922408106838758,251
0.356489129614669,0.567507162419829,1.35037753365345,252
-0.850241546233911,0.276596921064403,0.0521978666724778,253
-0.299551039013598,-0.0670252419765415,0.229233268833437,254
-0.634248593240228,-0.717278231839388,-0.787379336657145,255
1.62447736292239,0.417311719981165,0.523016403037701,256
1.24107013210744,1.1245599083731,0.0649030388334753,257
0.555280542465301,0.682643240641358,0.216167132064005,258
0.703417615515007,1.39609165386057,-0.320273392593171,259
0.4581633390878,-1.38858915015869,0.643380002762061,260
0.683983990193095,0.0192624807277167,-2.43920614159571,261
0.251289579561714,-1.35035348044184,0.165680347857051,262
-0.178503895299454,0.114635501042807,1.04820655515325,263
0.507725830227577,0.541631754233281,-0.190666645628295,264
-0.309899118172596,-0.767665863240736,0.57813357919509,265
-0.394370246114765,1.28282508097244,-0.595495257205553,266
-0.269738542331053,-0.474856378163365,0.172748217456145,267
-0.0881301721574661,0.623431046393204,-0.583976906010969,268
0.00802927442394316,-0.347697368062784,1.14502586032493,269
2.53179561500313,-0.758324119021659,0.469942835626373,270
-1.22324305766679,-0.737165121759331,1.37592677222661,271
-1.07175060654708,-1.45103576187043,-0.0417598822744373,272
0.246058645413183,1.52075373827982,-0.0593092334297872,273
-0.0506114772978772,-2.44723723140752,0.313304071328229,274
-0.730150625300169,-1.29004640713565,1.44839070468213,275
0.326987125798262,-1.98457379012396,-2.39014784705216,276
0.7529909132822,-1.34294681411466,-1.67655395603042,277
-1.15372154650913,-2.79183867725625,1.26675318025445,278
-0.407867049778377,0.602186340309974,1.89353452902617,279
-1.28790643118115,0.0404427045739164,-0.204773823088467,280
0.0835776870827117,-1.03091767358149,1.35381342933836,281
0.16379930050532,-1.30097558377758,2.17019327014232,282
0.682574713533531,-1.3179790335575,0.189695984371778,283
-1.08636761523444,-0.278455439636323,-0.455527021730291,284
0.297492378480315,-2.02209299100739,-0.477194006899615,285
-0.143308255589629,0.406729842704578,-0.256129533174308,286
1.3919536602122,-0.0898260513770414,0.798673878283785,287
0.306747373328607,-0.342262420618072,-0.170647186371711,288
-0.537184201783269,0.652225769627728,2.03730913354772,289
-0.228932242650808,0.345744878699431,-0.339681206421022,290
-0.536220402360493,-0.344685690213679,-0.715856008281401,291
1.43902127211766,0.0307859462285773,0.544519666107618,292
-0.511099687964879,-0.133347855386595,0.235310919032923,293
-1.60683544726011,-0.626037347851337,0.462526268493825,294
-0.201243021960019,1.11143973329332,-2.09387635929438,295
1.14350341027786,1.20216625919678,-0.150002522862178,296
0.663291080888331,0.0723818568120985,-1.83352547457143,297
0.164084365770933,-1.02674757140062,0.18533876174123,298
1.78540550916262,-1.17297048770748,0.76498906665636,299
-0.587711477365292,0.251004217139995,1.17957902617132,300
0.259036307753291,-0.264622209197059,0.752967750046986,301
-0.871833515477914,-0.813190773939514,0.48407754035302,302
-0.787916533267687,0.132016782961482,0.775437597369314,303
-0.344339740068678,-1.18465169494795,-0.0566612970229644,304
0.647617091086291,0.340420554322799,-0.0385014124338722,305
2.05412674418054,-1.59209341809168,1.02044747193525,306
0.798941747030093,-2.45376333567772,1.08728389278498,307
-1.07107746056965,-0.208120578004492,-0.470830222342396,308
-0.205155489295212,-0.981929884246678,-1.7972797404856,309
-0.554443104900172,1.53111911748754,-2.2953226877787,310
-0.292943098717178,1.37266970096743,-1.62257857319476,311
1.18023198111923,-0.612117906861874,-1.00007190542477,312
0.377395064531764,-0.966737022546305,0.447117558566351,313
0.991574357635391,-0.216395399400844,-0.775840911197692,314
0.603451884447947,-0.316082461732056,-0.0853343928498292,315
-0.792886121910164,1.3853174279689,0.369390969412326,316
0.930818052620353,-0.348295324735365,-1.38621085386088,317
-1.35038833449603,1.20551098077773,-0.850249819540503,318
0.799789476485134,1.23724348270003,-0.749381645629387,319
0.599637421442272,2.51972353887408,-0.801789419140354,320
1.10042887873631,-0.379450135463948,-0.439249418821386,321
-1.41974182339825,-0.475268540860008,0.787179473024578,322
-0.203636093627528,1.67572534732786,-0.507471046316127,323
0.0179130671968392,-0.73836900204566,0.694310502707311,324
0.10035143937113,-1.8155029699211,0.340327005870162,325
0.876356604852981,0.0867283170813456,0.191855843823228,326
0.700694207618744,0.500257505461345,0.975032405759915,327
0.652015770086117,-0.36298083025264,2.1401608574977,328
0.178530389053621,-0.350692048208576,1.46733281566119,329
1.67601040055534,-1.36290992914589,-1.58403382718026,330
-0.325097440648663,1.72280393053936,0.529911859660861,331
0.101147834027349,0.201372151325068,-1.24684433052443,332
-0.57669222881785,-0.547686792181391,-2.01079630699076,333
-0.0615281097795771,0.401812363925566,-1.21070886862256,334
0.725587762912643,0.834395008795874,-2.18191217637367,335
-1.22734182911201,-1.04829671187777,-1.13127501879397,336
0.190930596095802,0.225263210088234,1.35429690038638,337
-0.734818377099906,-0.482369729564936,-0.476487031928596,338
0.78838452121477,1.65071534952283,2.68072194854031,339
-1.96538223384971,0.158925750798926,0.390817074338754,340
-1.95552421447918,-1.12468538076751,1.00399728822609,341
1.62429352795395,-0.111063476751831,-0.145993912506287,342
-0.149420061955597,0.449050978757678,-0.279578348858135,343
-1.9682681118066,2.10058337565659,-0.783368006742824,344
-1.68613750262538,0.0395674680807686,0.160816544625606,345
-0.0869216887337948,0.571572581101139,-1.4829353376464,346
0.307386091071203,1.20072615149522,-0.850066487701848,347
0.33754561291418,0.50877197186977,-1.06922457894252,348
1.06699175999453,-0.869761710738127,0.168338321645126,349
0.332941519545035,-0.161064554280973,1.51590181957384,350
-0.0734836513057208,-0.657824946263411,2.15752887905783,351
1.04775683297043,0.706751835423712,-1.75570215923926,352
2.05886288679082,1.54031716106385,0.346747318167624,353
0.0266933502519528,-0.0219416464363183,-0.65410148504177,354
-0.240524287175812,1.05476174337987,-1.0814781112508,355
1.03847518385023,-0.696757822234483,0.1033802342994,356
-0.507225293737618,0.159301389996247,-0.471864394006095,357
-1.48307970364061,-0.176470135192483,0.0511188115294423,358
-0.10648791232672,1.63025921041222,0.76850576727816,359
0.245263936557895,0.293963923026988,-0.935480537434605,360
0.145793032356133,0.767713166125444,-0.152710599681651,361
-1.11808541542505,-0.341186606627353,-1.70035723347345,362
-0.596941141268123,-0.633402640220587,-0.38325254707782,363
-0.679488152459211,0.394702974050875,0.988851804033097,364
0.955054449218384,-0.818438596536134,-1.74569837075355,365
-0.130800541856912,-1.3617296829617,0.390850984801888,366
0.649404177870599,-0.302117394040501,-1.35200000614542,367
0.59851503842871,1.59917448056,0.21899425403059,368
-0.192500555588843,-0.392321104110261,-0.450291652675304,369
-1.98079893515188,0.2208284409268,-0.27852866220803,370
0.362938270177993,-0.593721862407763,-1.60388877130298,371
0.703949598986806,-2.05039292357894,-0.911068586368621,372
-0.752596944967607,0.000427092956795699,-0.193021320823213,373
-0.0169174705920473,1.69365989635426,0.0716788640489769,374
-0.441664181772451,-0.331528303669614,-0.191313385208949,375
1.70133480041681,-1.15014456214077,-0.641229623674247,376
-0.0305692203347359,-0.990672224244249,1.32855467882887,377
0.203917755095457,0.36418987361591,-0.194463416057273,378
-1.0478102278653,-0.420331294492087,-0.77589687139538,379
-0.735370359540012,0.983621685419538,-0.75864712520922,380
-1.3565625975968,-0.275765177868451,-0.0755986653471956,381
0.728585578391742,-2.08552388544554,0.929004179332969,382
0.607186854219108,-0.439471263801129,-0.424567527603044,383
-0.828285384905007,0.711924471780307,0.871565572433061,384
2.88764428782366,1.02647611247127,0.226524455388796,385
0.919135409094335,1.28493457593153,-0.563326010556526,386
0.405789038242116,1.00072030940208,-0.817222208367704,387
1.91618389168942,1.07339134627375,0.177344045984468,388
-2.45568757699216,1.89403249947036,-0.103327016496735,389
-0.0910634103976349,1.53443238038807,-0.904990589540357,390
-0.0246800463033943,0.175588572867721,-0.79434264627919,391
0.19993604581308,-0.476117770543103,0.539128202948824,392
-1.03831466318751,-0.279748600272147,0.521663916898673,393
0.529366834251516,0.702630354737013,-0.311400395170446,394
-2.21711879771222,1.20817483441273,0.826127703542131,395
0.107416384578288,-0.247559303945697,-0.34994065897314,396
0.438909413533688,1.51267048749378,-0.115502689950561,397
-0.0409934074111629,-0.7249471313252,1.23482171829568,398
0.364309176510684,-0.465331128824505,-0.539920986458839,399
-0.763697621610461,-0.386950876588869,-2.04295541608974,400
0.549524051899321,-0.661950396212133,-1.28888015415034,401
-0.374637620557585,0.869901287630143,0.290848756277628,402
-1.65915894368161,-0.187085902979447,-0.215792243319262,403
-0.310228600776101,1.85153725956133,2.75134027656672,404
-0.619943032005844,-0.00612852633140312,-1.41507661593415,405
-1.02459118580496,1.86628025483063,-0.243869009050938,406
0.50499851055803,-2.42996842750187,0.0402507007851807,407
0.0404731133874215,0.361816763241999,-1.37382942980188,408
-0.254730230194532,0.28348347922447,1.07918731483707,409
-0.547735918531413,1.93518896339976,0.743931159498335,410
1.67659394972915,0.26172399750755,1.54286065009815,411
1.17300287701346,1.77916155128747,0.687522146743599,412
-0.189061314035189,1.89273585111754,-3.5501683039025,413
0.0865726431311721,-0.620315771501532,-0.967053152601729,414
1.51256010128429,-1.19065664915877,0.311790428200211,415
1.79327072018072,0.858194013398248,-0.81506894286715,416
1.10262054421466,-0.815076993552939,0.28337045148214,417
-0.325847455561551,-0.157153194098569,-0.0662378647177665,418
-0.582814920816049,-0.57122878193444,-0.547496784418981,419
0.751587236658572,0.100810656571879,0.0680562479023734,420
-0.863734317662272,0.596424919007225,0.512973736210533,421
-1.07087557994815,0.712203758302683,1.14309605165656,422
-0.355236798682171,0.135641331381315,-0.893945117413907,423
0.955879571887727,-0.946908650147081,-0.571772438077035,424
0.159281652057916,-0.846927712134812,-0.720643022350528,425
0.244941807632521,0.292302758355774,0.847896010296152,426
1.12474967716706,-2.18430098739831,1.57262685395206,427
0.234627918298197,-1.1744446819416,1.05572101931724,428
-1.13856247922866,-1.56576879309518,1.34101376686318,429
0.842093638488443,-0.327946760207234,0.249275373443732,430
0.476341836154217,0.485221314327098,-0.801705839271297,431
-0.0883896895652565,2.36475023131983,0.679747853945431,432
-0.413035628887692,-0.00412699685180163,1.72637983804176,433
-0.544583307065481,-1.06763826470721,0.506059506234169,434
-0.0240066859548854,-0.453548812787324,0.929211461381279,435
-0.800513657206589,0.458221265526956,-1.54349783131208,436
-0.512190365439191,1.02184682466807,0.571055922213634,437
-1.4866753735726,-0.459074773381557,-0.15392195250804,438
-0.518641890675479,-0.00460984853196248,0.553328570799877,439
-0.693229051145586,1.18586171245979,1.27678425960038,440
0.577651776877534,0.223739385081001,-0.63941237685512,441
1.45496696222187,0.0803921464566392,1.50593483426331,442
1.03548484983897,-0.331067567611258,-0.943393573397202,443
1.04682348584572,-0.384628184813542,0.0408316934537695,444
0.676210543851919,1.05800356400635,0.306955631164682,445
0.546594609800615,-0.531659503439473,1.06682307672474,446
0.749988674191547,-0.0472704836299595,-0.323146333398642,447
-0.729838975786177,-1.03381934225619,-0.935874145579187,448
0.833202445459948,0.603745412931217,1.41661411698876,449
-1.19855044249868,0.249176129302689,0.362642928190036,450
0.618773476136499,0.441543759286352,-1.91367787710994,451
-0.832412636889435,-0.0269261994974991,0.319922422174947,452
-0.970494811201712,-0.742098319849642,-1.70058679799209,453
-0.453510796110001,-0.0853149656912873,0.79091598831421,454
-1.30270750521653,-1.28410901693446,1.38716658481553,455
0.0159747982465103,-0.338595730021309,-0.182777874863866,456
1.11065917773863,2.30718974037581,-0.908393356847147,457
-0.249373891989763,1.67231314356343,1.22692984951034,458
0.495701633386744,0.867775593972684,-0.510703299406317,459
0.162037493100544,0.438064361126107,-0.818471951493772,460
1.21182098411518,0.826555358553944,-1.26177054406154,461
-0.158315581368008,0.389500770963905,-1.46764802945527,462
0.292971036139624,0.931750176614006,0.275779186692215,463
2.46771439834832,1.20576304887843,-0.331746313840677,464
1.14623376776158,-1.02125774616471,0.788484408845746,465
-0.933843114497862,-0.190989420247841,-0.0566939654198911,466
1.11979205516191,-0.0271508369412635,-0.209686472550232,467
-0.924226738747022,-0.555118902967644,-1.72146551394431,468
0.00990696002293075,-0.99418358873701,-0.775463907445961,469
0.28936685511664,1.27212028110039,0.104429626048291,470
0.870003045073117,0.667813341500724,-0.428145137621409,471
-0.397261789694107,-0.910776016078354,1.27504684048415,472
0.537857777431821,-1.05267803099034,-1.83143051877386,473
1.76973668985555,0.427199293430865,-0.181197939054309,474
-1.90548499483742,-0.688838339002031,0.11457557491049,475
-1.07674812266267,-1.19829922927499,-0.72235759714857,476
1.19494089392475,-0.247457952125263,0.112002827504684,477
-0.293948456793553,-0.844733711961044,1.66126749449529,478
-0.0381778103034151,0.8496173026788,-1.05038878595597,479
0.923934566342996,2.30657297317478,-0.350881516799212,480
2.22306114540209,-1.70095270471251,-1.41908054304414,481
-1.30189540829378,0.837502845120798,0.727937514727138,482
-0.908990840842659,0.422432494678601,-1.20605463167353,483
-0.0775001695660489,-0.842555517705268,-0.858194226147041,484
0.000510447319934904,0.961657957223328,1.42295330595336,485
0.106855442332185,-0.888374702292468,0.823420297737097,486
-0.312464533837175,-1.88224969715746,-0.755970188407927,487
1.219646681461,-1.12331425958842,1.01654310528678,488
-0.909561392686768,0.578163340675228,-0.659096064326293,489
0.203976634159694,0.410310225828305,0.106027350311916,490
0.989747446622643,1.00265489986213,1.83436677335769,491
0.375199576326981,0.490773048548577,2.25716332851042,492
-0.622126209081692,1.26035451841525,-0.443151887597059,493
0.120554993709572,-2.00481319036761,-0.0300109714703211,494
-0.317396042654902,-0.304505117860782,1.03909068943308,495
-0.59968385310511,-0.363203665834863,0.60751186365779,496
1.35315391147971,-0.0578843984491967,-0.233021776987733,497
-0.19766765449443,1.06718342047092,-0.209469764915763,498
-0.578001960613924,-0.676424237672654,-0.784028487209372,499
-0.755969504042472,0.252453550706925,-2.27198044187977,500
0.121198930489341,-1.91066719078524,-0.156651673305254,501
-1.49584138246154,-0.915356919000047,-1.19786860881056,502
-1.64615889096926,0.940144942266218,-0.227940449183015,503
0.192897495237068,-1.74346399170848,2.46829940513889,504
-1.28976958336882,1.41484583281253,0.0338860402151931,505
-0.399848959592749,-0.484102254652915,1.50952769173737,506
0.775403045415211,0.527767287346673,-1.11071447478568,507
0.92214998346038,-1.17627806113663,1.27557265685418,508
1.54453584631769,0.754808667411421,-1.67361421319933,509
-1.00956226346458,-0.00141054873326337,-0.279926223633945,510
0.856706378446419,1.25406120773463,0.290753483973437,511
0.325286540338901,-0.546744433676627,0.620102715235039,512
1.252438757521,-0.735355041208454,-0.124262326863736,513
0.220158584093854,-0.75607785640445,-1.08222376882,514
0.815196683361166,1.97470748729788,-1.21767621210849,515
1.13942219810028,-0.329711424997622,-0.722157365001088,516
-0.411710955893958,-1.60901285101865,-1.01916615613211,517
-0.461065097861231,0.948567191775018,-0.579086138217153,518
-1.32904861503973,0.0249524334189855,-0.950523691203926,519
-0.0875001819817308,-0.355872279070031,1.24205740390784,520
0.355445985271191,0.516817438651862,0.269915728274238,521
-0.743138727774446,0.887479404587351,0.283467154499239,522
0.0720306843041987,-0.637178487201119,-0.838983974807615,523
-0.356403360618887,0.110897549706261,0.276811597279102,524
-0.431691783711256,-0.310654911893074,0.323012160447763,525
0.779328180381919,-0.578100007827911,-0.93604915242043,526
0.816324576608273,0.475524665398504,-1.18917374663332,527
1.14830402609895,0.72136699120708,-1.93493548398349,528
-1.08495993799929,-1.3701371633057,0.872793271573341,529
-0.136122273250974,1.11012753486938,-1.01214832610146,530
0.655091727692475,0.148839775424428,0.0467378719573498,531
-1.29346105019097,-0.236035644855455,0.0831109190016633,532
1.92673998755749,-1.58848113102144,0.0912162800663173,533
0.233251747869771,-0.25721190952122,-0.638204546381961,534
-0.545022349652315,-0.069559770118292,-0.226351459064893,535
1.03281249697223,0.10379903918934,-0.306914729132245,536
0.377136554812678,-0.436501148425536,1.3495709015857,537
0.109255333838825,0.926094999471242,-1.15618356239052,538
-0.680188295248341,1.56802852073084,-0.205912134821281,539
-1.76539237625783,1.24362970575867,1.06640223428757,540
-0.963567723483805,-0.230549272537495,0.421068043413556,541
-0.645632636955625,0.335603822076224,-1.0882093570499,542
0.452527778155313,0.406721273331928,0.793151508160772,543
0.614498221874339,-0.621799091341462,-2.70183597619037,544
-0.785300654791506,-0.0114872261341042,-0.492589788824742,545
0.828176193018681,-0.589718538000468,1.56774707116035,546
0.667417008671808,0.0687555533293624,0.498460714282511,547
-0.125500883184983,1.61003707873179,0.791608323691644,548
-0.951228871108003,-0.187034372232715,-0.092953058279923,549
0.89203999660753,-0.730761386776218,-0.380216408471812,550
-0.129721580194494,1.3774385034702,0.695916359954407,551
-1.01348513140466,0.873068216507411,2.31705965261151,552
0.252287016287487,-0.525401652549943,-0.26839910522873,553
0.523585326496383,-0.736997846759805,1.43702070991072,554
-1.46162963460323,1.41089525544194,-0.539302571804324,555
1.86640559661051,0.031370406268054,-0.43007182942091,556
-2.14905203056317,0.185254701977038,0.650735284915949,557
-1.63523665893812,0.349281907932582,-0.902052610783181,558
1.22401912701727,-0.629057932920794,0.94227565958394,559
0.325174011474748,1.08888301706389,-1.68326652093019,560
-0.428913044224354,2.35313673520053,-2.42074838017098,561
0.011596088754195,-2.48782445404433,-0.158921061099606,562
0.731318473404707,0.197965572095226,0.328881871642155,563
-0.868022762767349,0.945361175620147,1.27540355575018,564
0.928159579860488,-0.795836328368697,0.119668321663697,565
0.697316763382982,0.0897365350466332,0.954429153014436,566
-0.0451503434549913,0.170593256528294,0.240560290207809,567
0.191211140838888,-0.599750441177628,0.679496528051774,568
-0.628762958341075,0.706568072737321,-0.96877018828398,569
-0.856613206652858,1.21485001025535,-0.0764070758290479,570
-0.388712739667759,0.223225742091345,-0.597789883524879,571
1.02850845026398,0.3696624507277,-0.236989294635046,572
-0.239720321372888,-0.546501152528594,2.29665026559741,573
-0.451622766756237,1.11848970385299,-1.40415610074068,574
-0.979267221029651,-0.0902705825842489,0.0341771376377267,575
-1.13344728607767,0.440656812137591,-0.320900666743514,576
0.0221208926642642,1.17476174186574,0.379382706780755,577
1.0402394941907,-0.297240150903039,1.7926788938602,578
1.23148408823401,-0.194183578747852,0.912314651087436,579
0.560179421370846,0.0905569245425025,-0.656913770729398,580
-0.309038669852665,-0.223315515921981,-1.43376641912313,581
-0.367604084086942,-1.2689286262484,0.847993136676632,582
0.365633364717088,0.482404188650387,-0.992117897977505,583
0.93743869985487,-1.44153375498,-0.715262986494787,584
0.974243701805737,-0.304453003301803,0.465350036224374,585
-2.11892398398602,-1.40839131186517,-1.52244831713971,586
-0.0464647424737759,1.30144825522335,1.5562473593508,587
-0.966780904855087,0.0853904861311857,0.10282125003881,588
-0.471249023913058,0.478953111388876,-0.234089349021161,589
1.73522743843698,-0.262837051462314,0.807824719418739,590
-0.777530133654038,1.58684009267474,0.80621312653268,591
-1.68379741021016,-0.403981933770877,-0.249170930024953,592
0.177027102704078,1.15170295765299,1.10233300929552,593
-0.124477538960344,1.15312511362364,0.367311299688822,594
-0.415554856010344,-0.525595064004378,1.100002729548,595
0.87945826353503,0.429358911569545,0.263474783054125,596
0.566128105288998,0.12660017136425,-0.191092799335674,597
0.37591699162958,2.114989773996,1.7487457809837,598
-0.276953827603802,-0.994219528019514,-0.783206045176358,599
0.350098526092615,-1.5845486053734,0.633084590070612,600
-0.291307157466996,0.310850671127169,2.02238951631358,601
0.186078062109431,-0.969608402564479,-0.41334821914376,602
0.576599450369098,-0.589149147409441,0.634635929427951,603
0.339657266820569,0.331433374521036,0.319552913532771,604
-0.672827099819426,-1.29805312346251,-0.34824567596474,605
-0.537013685186776,1.07170244814595,-0.00355424295508703,606
-1.0401577534452,0.421406625196972,0.61778479931842,607
0.997284324736942,1.4224088192029,2.32847954979711,608
-0.0260539485957432,-0.311850983326234,0.886427949093716,609
-0.656999196048798,0.913028636948311,-0.244085485751441,610
0.677745616327238,-1.1189102964073,-1.9731220174747,611
-0.510834133511366,0.240834278150258,0.249060113955261,612
0.446004628629775,1.12342247845223,0.260977503394472,613
1.51663460964456,-0.648210384683139,-0.791480685730807,614
0.93775627721337,0.0873710710727538,1.00933325785039,615
-0.160162680278913,1.63467919020962,0.390872723198315,616
-0.113838120230365,-0.784506356418389,0.586900356889202,617
1.9371261654475,-1.11038917436457,-0.48618671990926,618
-0.170798806004458,0.933611512715081,-0.683854381870219,619
0.301168535337298,-0.0234872754045413,-0.467424776465411,620
0.325988685704706,-1.10067882105657,-1.11058057074854,621
0.924836665297607,-0.893710158986943,-0.522540921593588,622
0.215291229947389,0.346268765153286,0.726842382268405,623
0.366249306199136,0.244883857645318,-2.25534674941304,624
0.322150906348291,-0.351578337110238,-1.77197239128076,625
2.68900349951988,0.229059963560973,0.0265898927899046,626
0.876068866222915,0.564432429837187,0.328493021763729,627
-0.876490013468474,-0.730968301613962,-0.948829877366501,628
-1.21744699400494,-0.319759874998002,0.536442170993903,629
-1.61483970703781,-0.725656793721917,1.2590219231566,630
1.84008049170251,1.33988906624606,0.683742822772572,631
-0.81892575657329,-1.27869308452129,-1.56339464872538,632
0.992135574797525,1.61410069797755,-0.730563679400985,633
0.533817787991569,-0.569768680280205,-0.853810657559288,634
-1.52672711632333,-0.00203152352315505,-0.338752768987229,635
2.02285918507085,0.957539095092351,-0.671284623293767,636
0.552295950441119,0.7377820953169,-0.841614605651871,637
1.82014240762686,-0.341394315191806,1.90991339071158,638
0.342644486400625,0.888577325956249,-0.332969207693025,639
0.179561486195378,-1.17972358910986,-0.152426541154511,640
-1.01931825832071,1.38147479284276,0.28636225814021,641
0.037599465115275,1.16044399711483,-1.73222199134125,642
0.137123301833059,0.0185126025186341,-1.14163306029299,643
-1.52105226194273,0.403892314548498,0.469864798695909,644
-0.0189184532184273,0.979507084686113,0.351389653603671,645
0.163246677777863,-0.327735971645071,-1.16101835651403,646
-0.721150678594558,0.545407198944167,1.12565803257217,647
0.410603359030433,0.6871986393449,-0.0667390507940591,648
-1.21263109313471,0.371951029113108,0.141690648806633,649
-0.573744691611621,-1.42053223332009,0.109283654291494,650
0.105392192247501,-0.335666479266998,-0.549972459931415,651
-0.605096053556568,-1.97624295734672,-1.83128109094493,652
0.421794622709781,-0.383011462176148,-0.130876927713791,653
-0.362808942887154,-0.789857804258402,-1.56497103415921,654
-0.874115175593511,-0.0960403820367353,-0.164666691156073,655
0.931593891723128,0.377406739391613,0.207346467268477,656
0.600042061198436,0.830014506033521,0.197962246601752,657
0.571360688063079,-0.143166617061069,-1.38627191612095,658
0.685110191816884,0.040143401088322,0.366599981079042,659
1.00942054012069,1.01328331353283,-1.21046610330142,660
0.990870716871281,1.2967131238641,0.251672460299432,661
0.0336905333551237,0.21759180549344,0.603201322464997,662
-0.450270030766743,0.861256499341607,1.59840588542375,663
-0.110656277542396,-0.729900997777466,-2.05080418842487,664
1.23785873625678,1.58562162164322,0.829262178814518,665
-1.19786010193302,-0.66277255562981,-0.162155111607072,666
-0.564393925530779,-0.767534455160236,-0.0753101329819661,667
1.04330861023617,0.538124311268301,-0.562404167723835,668
0.846001724722947,-0.0653325508051377,0.234154724469431,669
-0.495536196375343,-1.58649110299976,-0.258618538609439,670
-0.206817712564937,1.07746784643043,-0.618763447530949,671
-0.155796163076978,0.695205414288194,-0.53860572258329,672
-0.275398075401872,1.64762519266785,0.616281945759953,673
-2.44324912715217,0.294840339540777,0.49162706380721,674
-0.427322842485471,0.704982762295556,1.10061988933411,675
0.309060386762764,-1.15145038712237,0.362944625187808,676
2.45157521428408,1.85946482253658,-0.145894060960026,677
-1.46262800394627,2.37145856446597,-1.13837164024886,678
-0.635541555909856,-0.381319968136835,0.314783925960366,679
-0.385472848958451,-0.694781190760983,-0.306585073275687,680
-0.942277549624314,1.00011026298505,0.221515314817811,681
-0.673773103232705,-1.13527903178244,0.874579628289076,682
-1.92424391756331,0.153609372583577,-0.492847450778737,683
-0.112417633454087,-0.134818517769472,-0.482260444332253,684
-0.518509456572995,0.826630003729641,-0.259193439905501,685
0.53498250393468,-1.96884566482606,0.212596291466831,686
0.0574078909227705,0.123437829528995,2.03693710094017,687
1.06581715745119,0.261916563831406,-0.872894831798445,688
1.62073660987932,-1.77109531493908,1.33992688397823,689
0.121853694721037,-0.158840163315134,-0.215432413692499,690
-1.23804087962429,0.62917563831343,0.897896256729064,691
0.244125580208276,-1.27577045077744,0.0597067614548055,692
1.39825824307846,-0.300039851381201,-0.534211820034694,693
-0.0954733332409268,0.19684922663339,-0.259199684506631,694
0.38762274496855,-0.522584041796561,0.958874052259568,695
-0.966314579085971,1.57318031778068,1.26678558839907,696
1.50918627126765,0.769435282833306,0.961021603510335,697
0.403830740174652,-0.578758488173865,-0.563761372386466,698
-0.422141267878237,0.331622862338979,-1.28882390208496,699
-1.67402413559533,1.12881659686397,0.400867689637522,700
-0.687630152686609,0.248219159154075,0.52798025409362,701
-1.02718541615403,0.556922305588189,-2.51255073974032,702
-0.492557502187362,0.643140697847378,0.024230938224021,703
0.346808315743273,0.739145323470958,2.09556009097523,704
0.829352475827662,-1.32274459546268,-0.188436552704598,705
0.155632564721137,-0.676793568687491,-0.644192125333795,706
0.0837138661678319,-0.352887898821041,-1.00776657454445,707
0.374616801727191,-1.59742869051544,-1.81095975663955,708
2.65320217021233,-1.4018848510104,-0.48943999919203,709
0.332713968274466,0.357645575884677,0.30142883854114,710
0.140770828436315,0.35890957913073,-0.983907200446704,711
1.57783500786149,0.924598931745386,0.253466172886285,712
0.0895477411414435,0.365597737816265,0.787968431973862,713
-0.672983734514082,-0.766782267469211,-0.593295928033815,714
0.931893456722832,-0.0157235695459804,0.492203740278357,715
-0.357890395438713,-0.71651170654425,0.565484671871824,716
0.202101651399216,0.867157849702732,-0.0428055411041498,717
0.876250365488993,-1.5109504182168,1.9564485169236,718
0.807948331481768,0.859446942129145,-1.27220219234749,719
-1.60333392366764,0.498096965319234,0.275066075340418,720
-2.36205187289514,0.773093647119176,-0.926744134897281,721
-0.701700108008803,-0.578618241114083,-0.721761810229195,722
1.65190327586567,0.197131547774837,0.440973878310464,723
0.235072844013032,-0.0410342921333968,1.09289452575702,724
-0.151752780266568,-1.51084929326905,0.170103060198088,725
-0.155888610171237,0.484784059290943,1.30484977907667,726
1.03816471192414,0.442595082487348,-0.93013130207791,727
0.330483791156037,-0.743105043251869,0.338158085170626,728
0.475806627326469,1.24002907542223,-0.530893929720622,729
-2.09050181603996,-1.76512258245514,-0.757356783424434,730
-0.174034818697851,-0.410994146845155,-2.63155999030566,731
0.0191881734609278,-0.390830116489417,0.760182124323595,732
-0.86002734343853,-0.713716570639013,1.87485025965281,733
-0.0229494423513304,-0.663944697786351,0.499640559375288,734
-0.602317262867297,0.483046980202877,1.37632305174892,735
0.869901786712793,-0.873795450933656,0.0589804263138338,736
-0.570812458747776,0.0688804359139285,-1.23041959439789,737
1.30467950286294,-0.425122112980145,-0.872471723196591,738
-0.0426442275165464,-0.128362411504744,-0.802665909121839,739
0.895530769648864,1.93234877121417,1.10237615969033,740
2.28485603512573,-0.541857596918215,-0.480361436070115,741
0.0668273821139764,0.885521307157044,0.0914422869110086,742
1.49458944410977,0.0378686874686371,-1.33314859933239,743
-1.07246424375939,0.0314795942493119,-0.183064924833343,744
1.82334463278911,-1.9026101835739,-1.6258668092316,745
-1.2084291525118,1.02077335910151,-0.702423537820034,746
-0.0653915953589921,0.154523569904571,0.759492251507459,747
-0.326836328199823,-0.434016263404277,1.70965349866808,748
-1.14915070094983,0.0374273724358747,0.485441157199326,749
-1.30804170711974,-0.109007569010732,0.0972382447171924,750
0.646382963059188,1.83202314803108,1.07326114248551,751
-1.38920354555192,-1.10684615753157,0.7280194577016,752
-1.34068260050704,-0.561533111845096,-2.44887073997921,753
1.12887202282034,0.262805964862411,-1.79156662597488,754
0.00169612954746985,1.85416368837097,-0.833355645073735,755
0.379683892140474,0.257336215331609,-0.873608478277599,756
-0.90133162848698,1.111136888972,-1.60023063319023,757
-0.196794342798931,0.752619345257845,-0.678253651412755,758
0.306941508905767,0.718945597326202,-0.93117650695566,759
0.167456677628491,1.28753899766606,1.10022155928629,760
1.78807879297342,2.29122955762163,-0.60997533343784,761
-0.624082446804376,0.14758504544749,-1.27601624602601,762
-0.149960919083187,-0.290020124508977,-0.416266216300247,763
0.832215049993214,0.187214236645335,-0.684967419085636,764
0.948091104453631,-0.303181643499319,0.262160541284486,765
-1.97373757574836,-2.31134437087515,-0.231285740218748,766
-0.391878654530062,-0.115950894954695,-1.48551690852453,767
-0.676711225940526,0.167839318547587,0.580323167621411,768
-0.0160209884044317,-0.366298762728395,-0.363951370950101,769
0.515174787416407,-0.216873656269027,-0.600029968738298,770
0.444829652598668,1.23623741797461,-0.851796135944675,771
1.14089831538374,0.0825200718312855,0.793887980773695,772
0.447681010030888,-0.0298978414542262,-0.108929835309194,773
0.315440244749209,-0.661345961397674,-1.55281304993989,774
0.94559153178412,-0.557243832549528,2.17079436434579,775
0.42866310663115,-0.100903156077274,-0.341696157904287,776
-1.32460692785413,0.127926821058864,0.271057853623039,777
0.109821520117258,0.388609205581509,0.354827130769866,778
-1.65472186348824,1.63524241847467,-1.30652577119121,779
1.110672170457,1.35656475154124,1.2211425280972,780
-2.10786174285362,-1.19719663677228,0.251117425992074,781
-0.549836933814782,1.75658881557578,0.143653587048877,782
0.0942607445821255,-0.985498676899886,1.35064001784588,783
-0.0382197997315988,2.57121143571313,0.159095144870181,784
1.88292735226128,0.199286993163391,-1.72228485274529,785
0.0554606840501771,-0.438727786477996,-0.0160597778383049,786
-0.613890141467725,-2.02130340003063,1.16699341417207,787
0.587016609344808,-0.397980761549776,1.21263283695454,788
-1.20670890764052,1.5421441058257,0.264676010233223,789
0.545330536101136,-0.412660430662936,-1.6934734382022,790
0.250930383804851,-0.450820553367346,1.09644216713808,791
-0.392747467353038,-1.31300998021248,-0.0573844519343696,792
-0.622041927993155,-1.17392116999215,0.191892757098453,793
-1.19047670564728,-0.578686220955418,1.28127232781409,794
-1.87846665064551,0.360030261727629,0.402756838819793,795
-0.424008410430304,-2.06228446701634,-3.72221124717879,796
0.777241934285192,0.66735467239118,-1.66373637346808,797
-0.713926000252268,-0.481113316763553,-0.828008532283755,798
1.58463967076435,0.804328143936495,-1.29129304644097,799
-0.888311321587621,-0.00434573161696282,0.153464122442445,800
2.14082953751304,-0.442693468312521,0.151959660077237,801
-0.692178121023788,0.50276379110167,-0.693113190472971,802
0.0992973481489834,0.505153762277953,1.1694575945188,803
1.43497843381854,2.02512104890106,-0.788082483791738,804
1.23340116951301,-1.30120266954646,-0.34559300474123,805
-0.75764453851595,-0.702030652877015,-0.66737793548675,806
0.738578143728046,-1.22344659010779,-0.896463297910405,807
-1.11436123474804,-0.570124428848334,0.0546170827637566,808
-1.70586908396767,-0.50539401219657,-1.39415609185881,809
0.661162349351551,-0.441427845516248,-0.312191670761521,810
-1.72964201415856,-0.468926660770443,0.830324391737423,811
-2.13807351182231,-0.510387328262592,0.813780182021399,812
-0.0600476650732719,-0.237131830589283,-1.94607687258257,813
1.38569070747131,0.428235249688304,0.40671918851518,814
1.21781585495821,1.11371072362824,-0.457983997717892,815
-1.49505082628547,-0.364958609465657,0.450536260931523,816
0.037283100020068,1.82742902038453,0.172118527210062,817
0.802870871614183,0.8727574571745,-0.316080216519628,818
0.973853587985113,1.21966885016362,-0.0133163046694171,819
1.5607338555401,-0.980200568303706,0.607902351093115,820
1.58624954183865,-1.8281874367486,0.726024729759912,821
0.856297777419858,0.326944436610932,-0.749689244576795,822
-1.42448301695452,0.344328455710745,-1.32735334305533,823
0.0397023373644671,-1.70026214473979,-0.419052329277641,824
-1.37991162063543,-1.48587370377394,1.01999732618009,825
1.23307090179518,0.352062169872363,0.342812473906226,826
1.74207638193004,1.03645041604771,0.393999203419196,827
-2.00149508948738,1.35634645044858,-0.442533161205859,828
0.835496992072783,-0.918262952057564,-0.765659775229549,829
-0.34281832597619,0.604622208480961,2.07703247103827,830
-0.47796210128476,0.614244380561938,-0.10516501667205,831
-0.889101412781372,-0.0320751620401274,-0.0332474596379389,832
1.26342911736143,-1.05187073943343,-0.273696840087622,833
0.383201164839452,-1.10447694869903,0.0697149321621293,834
-0.118867359960347,0.740518464413358,-0.319509659918074,835
0.417247164785365,-1.68206712419577,-1.04421701937399,836
1.01322181242273,-0.294930283221103,0.49294273931144,837
-0.869517490553587,0.140475174157921,1.43978865212973,838
-0.79468047670336,1.09296886665535,0.184868816191273,839
0.688502281475385,-0.359150336013058,-0.74414908524868,840
1.58567292540191,-1.3924867372946,0.0564281947878048,841
1.25017884939905,0.348040470637418,1.02030346566509,842
-0.115603507543974,-0.719660674752874,1.78314330432548,843
-1.33176973174027,1.7774803176697,-1.40524374901062,844
-2.34280557783255,-0.867942029925034,0.114009938991115,845
-0.926563334752888,0.171004929978727,-0.433283985599868,846
1.12956751569551,2.0424153058014,0.544601596726594,847
-0.549127529067621,1.05410984746815,0.168916457825897,848
0.283731702936505,-0.0169156944448703,-0.588628205332317,849
0.212779317859558,0.479165440973322,-1.80718819866029,850
-2.2027632276668,2.40274520062776,-1.21417529661296,851
1.25107300843901,1.40064423837566,-0.606400402810642,852
2.02470501741655,-1.32840009953205,-0.273702157088698,853
-0.0388967153733461,0.18471418700545,1.17574314851635,854
0.998583627036626,1.06485496889264,-0.594572028552305,855
-0.757333695486261,-1.5348495436433,0.372033911049199,856
0.596145142022587,0.288671075986219,0.905823580174678,857
2.12321703216988,-0.068163725653237,0.231662966956191,858
1.31172535943563,0.28837315138339,0.084797972206992,859
-0.699941512848566,-0.805075996175117,-0.61054743367174,860
-1.01961328432054,-1.8269850899289,0.841319599238164,861
0.0531147874337503,-1.07243259739741,1.62861729235296,862
-0.237019166599794,1.87489219068513,0.475538005392531,863
-0.0627359827593324,-0.129734439376923,0.307314205467728,864
1.27110909479232,-0.951530758979746,0.235369783552629,865
0.221138370797329,1.46785972935112,1.03403848881578,866
1.66402322199338,0.918985409350602,-0.330897452682976,867
-0.0429598754331343,-0.862594353462633,-0.512192994488433,868
-0.133235446151254,1.07495152490272,0.531863818361121,869
0.793199831346326,1.11039624656041,-0.30648126656273,870
0.426272544380084,-0.773759315521786,0.891823691199314,871
-0.209901856275497,0.539885187127058,-1.46386882738798,872
-1.58815907767418,-0.370740256910161,1.3263660386309,873
-1.11638066597902,1.25080108690415,-0.730619104668757,874
0.616855042186305,-1.2620658030025,0.238549415338402,875
0.543464252270494,-0.408533896295056,-0.46787928599774,876
-1.4678959741369,0.82078999574667,0.713570614848185,877
0.119908333350055,-0.0795337946038705,-1.41749625288212,878
0.529355495527667,0.576393074829909,-1.06729373133174,879
-1.17524431237453,1.73754520904102,1.63237969705383,880
-0.998215246887089,-0.426358967827027,-0.975389008770207,881
1.19404228009568,-1.09582456761703,-0.698361575607913,882
-1.75369746286688,1.56228510169723,0.0623171020060246,883
0.446529353486357,-0.43739992161479,-0.798704973000339,884
0.978059947198356,0.318284108372438,0.146706668329981,885
-1.79125728820209,-0.581962650829602,1.17592606433444,886
-0.13018900494751,-1.56879561667753,0.0686839767411369,887
-1.17523733679805,-0.947335252123588,1.72618638117959,888
0.0899620825831448,1.31223766128238,-1.44974016310585,889
-0.4221658940576,-0.415142257734166,-0.284642940549723,890
-1.65093358375301,-0.150182805792524,-0.874041553991488,891
0.617968653882258,0.300037737537369,0.368500196188389,892
0.596160280231481,1.17681817908949,-1.26166848520152,893
-0.61843733336444,0.152397257281781,-1.75959450516116,894
0.527875380403207,-0.258489187193055,-0.393533130365602,895
-1.34431813126054,-0.852471085568132,-1.81503754424699,896
-1.23476532577492,0.582815048958688,-0.898105103831431,897
-1.15343989377891,-2.08830674639166,-0.547302197513294,898
-0.109328043690788,-1.17498186279481,-1.67039209868734,899
-0.524194758559207,0.736324803722991,0.56391937485226,900
1.91129844549583,0.446869412517978,0.305612360273877,901
-0.0711060320307308,-1.27683991422981,-0.627148707686647,902
0.561835366089421,0.537016831123488,-1.39233918383177,903
0.574071705525158,0.46946927841302,-0.275295627881658,904
0.371733557330694,-1.1843014687012,-0.167850126274036,905
0.191693876250999,-0.071776964989153,-2.17294717941297,906
1.24408517686664,1.60208902489075,1.30741754247125,907
-1.16415979719213,-0.493520790802975,0.4355296971779,908
1.63526969258877,-1.34754594045711,-1.75354588812438,909
0.686329679649661,0.15875512000066,1.97807947328765,910
-1.14948662513759,-0.560154732004256,-0.153546566336107,911
1.11015730037567,-0.35870544881858,-1.47339072059602,912
1.18256376844695,0.410163719129814,-0.926044674478905,913
1.70732809135459,-0.0548332086789554,0.262707203966335,914
-0.420315417484247,-0.381441446094704,-1.43979462291375,915
1.63937773123336,-1.03172713502764,-0.473544447365188,916
0.263468511601602,-0.820251386285873,-0.101505847935924,917
-1.4634830687425,-1.0235109013657,-0.424969332269679,918
-0.776170982497428,-0.605164746435641,0.203666863253678,919
0.929488010558061,1.76052255578393,-0.712013458114632,920
1.79295773976472,0.147654270089675,-0.250516241096602,921
-1.18315176156319,-0.549354513493632,0.190727367906906,922
-0.111175860945149,-0.127864456123553,-2.22008694065392,923
-0.656765807854312,0.245328163817827,-1.91820703496873,924
1.87973413931621,0.276074287743522,-1.06707838896214,925
-0.896080876902782,0.318717911693429,0.0798538355472549,926
1.33150572016357,1.09053993015911,0.202794671206397,927
-0.624573130974524,-0.343882037898329,-0.731121536043065,928
0.776678881934137,0.355116408739134,1.31243351194459,929
-1.32425369806763,-0.618615354452646,1.1330042858009,930
1.50027665196111,-1.8589501721566,-0.177106462020987,931
-2.20290285891381,-0.571936350272568,3.3255358256558,932
0.322514702673135,1.41797735020339,-0.365309981693862,933
0.421004447982506,-0.354594919128943,0.983392532484381,934
-0.820701137338098,1.02188000480847,-0.0630215718385416,935
-0.966458753357364,0.60181964077843,-1.72485186090329,936
0.609348200703289,-0.597250784767675,1.87983437593631,937
-1.03621140739239,1.91335547256283,-1.06355153037739,938
-0.0282375181839167,0.873431898491213,0.0737311297574531,939
-2.81976679424835,0.902577204192187,1.92081491026937,940
-2.08104954953813,-0.909633694814151,0.642731150970994,941
-0.0447531285251478,-0.647074945942646,0.37099667646965,942
1.11795499426461,0.646443024701591,-0.145419834492368,943
-1.64950358816825,1.19975296572399,0.245201898614086,944
0.678667215861267,-0.0263800714275929,1.89016798986642,945
0.494323247651999,1.71193512655234,-0.460960038380535,946
-0.588468576587009,-0.127798943053305,-0.221539035752719,947
-0.02392466018716,0.7180546028757,-0.455578153382841,948
2.19131300989467,0.00336668156748721,-0.41204942394552,949
-1.4005810139661,1.09395094880753,-0.172481597796652,950
0.480099490390987,-0.327079400360491,0.618874128849351,951
0.207550677084332,-0.0313852385848786,0.0882094673165604,952
0.322084771165605,-1.50831516938216,-0.760720157772125,953
-0.00588048281891479,0.302254268988633,1.65196146361887,954
0.281389082113301,0.0897357446064784,-0.869569708377251,955
-0.251339244970154,0.528095275172903,-0.330436622092125,956
-1.69345946321087,0.338199486683233,0.080097406242111,957
-0.584016185095035,-0.66933510439875,-1.68220518210346,958
0.234442730846804,0.66403808459302,-1.00908170034871,959
0.258786220632807,2.61015754609048,-1.29366185768738,960
0.603656417784618,-0.641463979306506,-2.66429696272227,961
2.22096535608252,0.932285339612937,2.13300000902185,962
-1.65413062939858,-0.577766343387059,-0.730353430560433,963
0.680410495867667,-0.908426046719719,0.840059477705311,964
0.135829307360888,-1.1228118636762,0.0171940815300242,965
-0.0379874520491451,0.575367846768864,-0.994138330678568,966
-0.693137231704137,0.0332441233398286,-0.0403898015698564,967
-0.127525014127046,0.873699000445749,0.404744570803656,968
0.680361843968248,-0.190013593368608,-1.1428135625646,969
0.426214596812093,-1.17536228298003,1.19810444742256,970
-1.60566947463502,-0.198348449355293,1.1968387246632,971
0.906210752047118,-0.0737675748809303,-0.097376477973979,972
0.249514143135797,0.612400141930038,0.614347405336729,973
1.89422821198747,-1.2104331727234,-1.21860105771293,974
-1.11237866030638,-1.84312749941294,0.5718737915999,975
-0.722041773268243,0.458841631089744,-0.128310020958609,976
-1.75218679294441,-0.776546116702957,1.60851795352187,977
0.00361231353607827,-0.490773334536826,-0.957073135336421,978
0.99514429010448,0.550382722427318,2.01150921563829,979
-0.478969353783321,0.0183323624195989,0.0200848735693639,980
-0.519101361336512,0.164924392354959,0.445507771869766,981
-0.294659741226933,1.18430354602114,1.4495293028177,982
-0.160549911203236,1.06590594757316,1.10295034306817,983
1.02351605263269,0.0035925236431562,-0.87586356761064,984
0.0158947365248168,-0.531671777370669,-0.91523942767871,985
-0.482657067655032,-1.19378821183951,-0.914822016329267,986
0.634674514571207,0.315764650343958,1.07475029632028,987
-1.36443804760924,2.313077254277,-0.135698087678277,988
0.598624800605132,1.04707845678748,-0.444710874180535,989
-0.206498113910794,0.224957322037982,0.0825170228107178,990
2.13936633971054,-1.09789012271446,1.03576814119029,991
-0.648813774339556,-1.22586152027738,-0.15888967562124,992
0.423592242036179,-0.530024535475007,0.309282182272059,993
0.117865348417364,-3.74218190030629,-2.31540494267767,994
-1.08077847711879,0.417388461135253,-0.667583865453126,995
0.875526689967203,1.24349449175987,-1.06658519925753,996
-2.22628165509504,0.11058381190674,-0.639156028838851,997
-1.94611130508042,-0.327083706910095,-0.761967656100898,998
-1.30959466218134,1.35289610630081,-0.422105779185632,999
